,Year,Round,Seed 1,Seed 2,Team 1,Team 2,TO 1,TO 2,GP 1,GP 2,Points 1,Points 2,Points Allowed 1,Points Allowed 2,Offense 1,Offense 2,Defense 1,Defense 2,Win Pct 1,Win Pct 2,3P 1,3P 2,Score 1,Score 2,Winner
0,2023,First Four,16,16,Texas A&M-CC,SE Missouri State,12.4,13.1,33,35,2653,2718,2394,2659,80.4,77.7,72.5,76,69.7,54.3,36.8,32.7,75,71,Texas A&M-CC
1,2023,First Four,11,11,Mississippi State,Pittsburgh,12.7,11.2,33,33,2175,2512,2013,2326,65.9,76.1,61,70.5,63.6,66.7,26.6,36,59,60,Pittsburgh
2,2023,First Four,16,16,Texas Southern,Fairleigh Dickinson,14.6,11.5,34,34,2361,2646,2434,2547,69.4,77.8,71.6,74.9,41.2,55.9,28.4,34.6,61,84,Fairleigh Dickinson
3,2023,First Four,11,11,Arizona State,Nevada,11.8,10.3,34,32,2391,2324,2302,2140,70.3,72.6,67.7,66.9,64.7,68.8,31.4,34.6,98,73,Arizona State
4,2023,R1,1,16,Alabama,Texas A&M-CC,14.1,12.4,34,34,2794,2728,2329,2465,82.2,80.2,68.5,72.5,85.3,69.7,33.8,36.8,96,75,Alabama
5,2023,R1,8,9,Maryland,West Virginia,10.5,13,33,33,2322,2518,2084,2344,70.4,76.3,63.2,71,63.6,57.6,33,34.8,67,65,Maryland
6,2023,R1,5,12,San Diego State,Charleston,11.8,12,33,34,2378,2747,2099,2290,72.1,80.8,63.6,67.4,81.8,91.2,35.3,33.4,63,57,San Diego State
7,2023,R1,4,13,Virginia,Furman,8.6,11.1,32,34,2170,2791,1928,2421,67.8,82.1,60.3,71.2,78.1,79.4,35.3,34.7,67,68,Furman
8,2023,R1,6,11,Creighton,NC State,11.6,9.5,33,33,2529,2580,2260,2336,76.6,78.2,68.5,70.8,63.6,69.7,36,34.9,72,63,Creighton
9,2023,R1,3,14,Baylor,UCSB,12.3,11.3,32,34,2469,2454,2248,2231,77.2,72.2,70.3,65.6,68.8,79.4,37.2,35.3,74,56,Baylor
10,2023,R1,7,10,Missouri,Utah State,11.3,12.1,33,34,2623,2671,2461,2370,79.5,78.6,74.6,69.7,72.7,76.5,36.1,39.3,76,65,Missouri
11,2023,R1,2,15,Arizona,Princeton,13.4,12.4,34,29,2811,2204,2431,1988,82.7,76,71.5,68.6,82.4,72.4,38.2,34.4,55,59,Princeton
12,2023,R1,1,16,Purdue,Fairleigh Dickinson,10.9,11.5,34,35,2485,2730,2133,2608,73.1,78,62.7,74.5,85.3,55.9,32.6,34.6,58,63,Fairleigh Dickinson
13,2023,R1,8,9,Memphis,Florida Atlantic,13.5,11.8,34,34,2713,2679,2446,2209,79.8,78.8,71.9,65,76.5,91.2,35.6,37.2,65,66,Florida Atlantic
14,2023,R1,5,12,Duke,Oral Roberts,12,9.4,34,34,2466,2864,2174,2384,72.5,84.2,63.9,70.1,76.5,88.2,33.6,36.9,74,51,Duke
15,2023,R1,4,13,Tennessee,Louisiana,12.1,12.2,33,33,2369,2575,1915,2304,71.8,78,58,69.8,69.7,78.8,32.9,37.8,58,55,Tennessee
16,2023,R1,6,11,Kentucky,Providence,11.7,11.8,32,32,2402,2499,2177,2282,75.1,78.1,68,71.3,65.6,65.6,35.4,35.1,61,53,Kentucky
17,2023,R1,3,14,Kansas State,Montana State,14.3,11.7,32,34,2416,2523,2209,2265,75.5,74.2,69,66.6,71.9,73.5,34,33.8,77,65,Kansas State
18,2023,R1,7,10,Michigan State,USC,10.9,12.5,31,32,2177,2327,2089,2152,70.2,72.7,67.4,67.3,61.3,68.8,39.5,34.2,72,62,Michigan State
19,2023,R1,2,15,Marquette,Vermont,10.7,9.3,34,33,2718,2410,2400,2198,79.9,73,70.6,66.6,82.4,69.7,34.8,35.9,78,61,Marquette
20,2023,R1,1,16,Houston,Northern Kentucky,9.9,11.4,34,34,2551,2320,1921,2161,75,68.2,56.5,63.6,91.2,64.7,34.5,35,63,52,Houston
21,2023,R1,8,9,Iowa,Auburn,9.9,12.5,32,32,2567,2327,2381,2146,80.2,72.7,74.4,67.1,59.4,62.5,34.3,31.4,75,83,Auburn
22,2023,R1,5,12,Miami (FL),Drake,11.3,10.5,32,34,2541,2561,2308,2173,79.4,75.3,72.1,63.9,78.1,79.4,36.8,37.3,63,56,Miami (FL)
23,2023,R1,4,13,Indiana,Kent State,11.6,11.4,33,34,2476,2605,2259,2234,75,76.6,68.5,65.7,66.7,82.4,37,33.6,71,60,Indiana
24,2023,R1,6,11,Iowa State,Pittsburgh,13.1,11.2,32,34,2190,2572,2008,2385,68.4,75.6,62.8,70.1,59.4,66.7,33.9,36,41,59,Pittsburgh
25,2023,R1,3,14,Xavier,Kennesaw State,12.6,12.4,34,34,2768,2559,2518,2343,81.4,75.3,74.1,68.9,73.5,76.5,39.5,36.8,72,67,Xavier
26,2023,R1,7,10,Texas A&M,Penn State,12.4,9,34,35,2490,2531,2251,2394,73.2,72.3,66.2,68.4,73.5,62.9,32.8,38.5,59,76,Penn State
27,2023,R1,2,15,Texas,Colgate,11.7,10.2,34,34,2647,2672,2292,2345,77.9,78.6,67.4,69,76.5,76.5,33.9,40.8,81,61,Texas
28,2023,R1,1,16,Kansas,Howard,12.4,16.3,34,34,2548,2566,2310,2446,74.9,75.5,67.9,71.9,79.4,64.7,34.4,37.7,96,68,Kansas
29,2023,R1,8,9,Arkansas,Illinois,12.9,12.8,33,32,2456,2389,2224,2143,74.4,74.7,67.4,67,60.6,62.5,31.7,30.9,73,63,Arkansas
30,2023,R1,5,12,Saint Mary’s,VCU,10.7,13.4,33,34,2355,2429,1984,2139,71.4,71.4,60.1,62.9,78.8,79.4,37.2,34.7,63,51,Saint Mary’s
31,2023,R1,4,13,UConn,Iona,12.9,10.6,33,34,2589,2595,2146,2210,78.5,76.3,65,65,75.8,79.4,35.7,36,87,63,UConn
32,2023,R1,6,11,TCU,Arizona State,12.2,11.8,33,35,2481,2489,2241,2375,75.2,71.1,67.9,67.9,63.6,64.7,30.6,31.4,72,70,TCU
33,2023,R1,3,14,Gonzaga,Grand Canyon,10.6,12.1,33,35,2888,2636,2406,2339,87.5,75.3,72.9,66.8,84.8,68.6,38.7,38.3,82,70,Gonzaga
34,2023,R1,7,10,Northwestern,Boise State,9.8,11.2,32,33,2165,2384,1999,2123,67.7,72.2,62.5,64.3,65.6,72.7,32.1,36.5,75,67,Northwestern
35,2023,R1,2,15,UCLA,UNC Asheville,10.3,14.1,34,34,2513,2551,2050,2332,73.9,75,60.3,68.6,85.3,79.4,34.7,39,86,53,UCLA
36,2023,R2,1,8,Alabama,Maryland,14.1,10.5,35,34,2890,2389,2404,2149,82.6,70.3,68.7,63.2,85.3,63.6,33.8,33,73,51,Alabama
37,2023,R2,5,13,San Diego State,Furman,11.8,11.1,34,35,2441,2859,2156,2488,71.8,81.7,63.4,71.1,81.8,79.4,35.3,34.7,75,52,San Diego State
38,2023,R2,6,3,Creighton,Baylor,11.6,12.3,34,33,2601,2543,2323,2304,76.5,77.1,68.3,69.8,63.6,68.8,36,37.2,85,76,Creighton
39,2023,R2,7,15,Missouri,Princeton,11.3,12.4,34,30,2699,2253,2526,2043,79.4,75.1,74.3,68.1,72.7,72.4,36.1,34.4,63,78,Princeton
40,2023,R2,16,9,Fairleigh Dickinson,Florida Atlantic,11.5,11.8,36,35,2793,2745,2666,2274,77.6,78.4,74.1,65,55.9,91.2,34.6,37.2,70,78,Florida Atlantic
41,2023,R2,5,4,Duke,Tennessee,12,12.1,35,34,2540,2427,2225,1970,72.6,71.4,63.6,57.9,76.5,69.7,33.6,32.9,52,65,Tennessee
42,2023,R2,6,3,Kentucky,Kansas State,11.7,14.3,33,33,2463,2493,2230,2274,74.6,75.5,67.6,68.9,65.6,71.9,35.4,34,69,75,Kansas State
43,2023,R2,7,2,Michigan State,Marquette,10.9,10.7,32,35,2249,2796,2151,2461,70.3,79.9,67.2,70.3,61.3,69.7,39.5,34.8,69,60,Michigan State
44,2023,R2,1,9,Houston,Auburn,9.9,12.5,35,33,2614,2410,1973,2221,74.7,73,56.4,67.3,91.2,62.5,34.5,31.4,81,64,Houston
45,2023,R2,5,4,Miami (FL),Indiana,11.3,11.6,33,34,2604,2547,2364,2319,78.9,74.9,71.6,68.2,78.1,66.7,36.8,37,85,69,Miami (FL)
46,2023,R2,11,3,Pittsburgh,Xavier,11.2,12.6,35,35,2631,2840,2426,2585,75.2,81.1,69.3,73.9,66.7,73.5,36,39.5,73,84,Xavier
47,2023,R2,10,2,Penn State,Texas,9,11.7,36,35,2607,2728,2453,2353,72.4,77.9,68.1,67.2,62.9,76.5,38.5,33.9,66,71,Texas
48,2023,R2,1,8,Kansas,Arkansas,12.4,12.9,35,34,2644,2529,2378,2287,75.5,74.4,67.9,67.3,79.4,60.6,34.4,31.7,71,72,Arkansas
49,2023,R2,5,4,Saint Mary’s,UConn,10.7,12.9,34,34,2418,2676,2035,2209,71.1,78.7,59.9,65,78.8,75.8,37.2,35.7,55,70,UConn
50,2023,R2,6,3,TCU,Gonzaga,12.2,10.6,34,34,2553,2970,2311,2476,75.1,87.4,68,72.8,63.6,84.8,30.6,38.7,81,84,Gonzaga
51,2023,R2,7,2,Northwestern,UCLA,9.8,10.3,33,35,2240,2599,2066,2103,67.9,74.3,62.6,60.1,65.6,85.3,32.1,34.7,63,68,UCLA
52,2023,Sweet 16,1,5,Alabama,San Diego State,14.1,11.8,36,35,2963,2516,2455,2208,82.3,71.9,68.2,63.1,85.3,81.8,33.8,35.3,64,71,San Diego State
53,2023,Sweet 16,6,15,Creighton,Princeton,11.6,12.4,35,31,2686,2331,2399,2106,76.7,75.2,68.5,67.9,63.6,72.4,36,34.4,86,75,Creighton
54,2023,Sweet 16,9,4,Florida Atlantic,Tennessee,11.8,12.1,36,35,2823,2492,2344,2022,78.4,71.2,65.1,57.8,91.2,69.7,37.2,32.9,62,55,Florida Atlantic
55,2023,Sweet 16,3,7,Kansas State,Michigan State,14.3,10.9,34,33,2568,2318,2349,2211,75.5,70.2,69.1,67,71.9,61.3,34,39.5,98,93,Kansas State
56,2023,Sweet 16,1,5,Houston,Miami (FL),9.9,11.3,36,34,2695,2689,2037,2433,74.9,79.1,56.6,71.6,91.2,78.1,34.5,36.8,75,89,Miami (FL)
57,2023,Sweet 16,3,2,Xavier,Texas,12.6,11.7,36,36,2924,2799,2658,2419,81.2,77.8,73.8,67.2,73.5,76.5,39.5,33.9,71,83,Texas
58,2023,Sweet 16,8,4,Arkansas,UConn,12.9,12.9,35,35,2601,2746,2358,2264,74.3,78.5,67.4,64.7,60.6,75.8,31.7,35.7,65,88,UConn
59,2023,Sweet 16,3,2,Gonzaga,UCLA,10.6,10.3,35,36,3054,2667,2557,2166,87.3,74.1,73.1,60.2,84.8,85.3,38.7,34.7,79,76,Gonzaga
60,2023,Elite 8,5,6,San Diego State,Creighton,11.8,11.6,36,36,2587,2772,2272,2474,71.9,77,63.1,68.7,81.8,63.6,35.3,36,57,56,San Diego State
61,2023,Elite 8,9,3,Florida Atlantic,Kansas State,11.8,14.3,37,35,2885,2666,2399,2442,78,76.2,64.8,69.8,91.2,71.9,37.2,34,79,76,Florida Atlantic
62,2023,Elite 8,5,2,Miami (FL),Texas,11.3,11.7,35,37,2778,2882,2508,2490,79.4,77.9,71.7,67.3,78.1,76.5,36.8,33.9,88,81,Miami (FL)
63,2023,Elite 8,4,3,UConn,Gonzaga,12.9,10.6,36,36,2834,3133,2329,2633,78.7,87,64.7,73.1,75.8,84.8,35.7,38.7,82,54,UConn
64,2023,Final 4,5,9,San Diego State,Florida Atlantic,11.8,11.8,37,38,2644,2964,2328,2475,71.5,78,62.9,65.1,81.8,91.2,35.3,37.2,72,71,San Diego State
65,2023,Final 4,5,4,Miami (FL),UConn,11.3,12.9,36,37,2866,2916,2589,2383,79.6,78.8,71.9,64.4,78.1,75.8,36.8,35.7,59,72,UConn
66,2023,Championship,5,4,San Diego State,UConn,11.8,12.9,38,38,2716,2988,2399,2442,71.5,78.6,63.1,64.3,81.8,75.8,35.3,35.7,59,76,UConn
67,2022,First Four,16,16,Texas Southern,Texas A&M-CC,14.9,14.2,30,34,2077,2615,1965,2378,69.2,76.9,65.5,69.9,60,67.6,31.6,33.5,76,67,Texas Southern
68,2022,First Four,12,12,Wyoming,Indiana,11.1,11.9,33,33,2408,2359,2161,2176,73,71.5,65.5,65.9,75.8,60.6,34.3,33.9,58,66,Indiana
69,2022,First Four,16,16,Wright State,Bryant,12.3,13.9,34,31,2566,2415,2416,2255,75.5,77.9,71.1,72.7,61.8,71,32.9,30.8,93,82,Wright State
70,2022,First Four,11,11,Rutgers,Notre Dame,11.5,10.3,31,32,2105,2320,2040,2139,67.9,72.5,65.8,66.8,58.1,68.8,33.6,38,87,89,Notre Dame
71,2022,R1,1,16,Gonzaga,Georgia State,11.8,11.9,29,28,2547,1977,1895,1813,87.8,70.6,65.3,64.8,89.7,64.3,37.9,32.9,93,72,Gonzaga
72,2022,R1,8,9,Boise State,Memphis,12.1,16.4,34,31,2336,2338,2066,2120,68.7,75.4,60.8,68.4,79.4,67.7,34.8,35.9,53,64,Memphis
73,2022,R1,5,12,UConn,New Mexico State,11.9,14,32,32,2406,2346,2085,2411,75.2,73.3,65.2,75.3,71.9,81.2,35.3,32.7,63,70,New Mexico State
74,2022,R1,4,13,Arkansas,Vermont,12.6,9.7,33,33,2539,2473,2262,1990,76.9,74.9,68.5,60.3,75.8,84.8,30.7,36.4,75,71,Arkansas
75,2022,R1,6,11,Alabama,Notre Dame,14.6,10.3,32,33,2559,2409,2445,2226,80,73,76.4,67.5,59.4,68.8,30.8,38,64,78,Notre Dame
76,2022,R1,3,14,Texas Tech,Montana State,13.9,12.8,34,34,2438,2617,2051,2328,71.7,77,60.3,68.5,73.5,79.4,31.4,36.9,97,62,Texas Tech
77,2022,R1,7,10,Michigan State,Davidson,13.1,9.8,34,33,2451,2494,2327,2170,72.1,75.6,68.4,65.8,64.7,81.8,37.8,38.6,74,73,Michigan State
78,2022,R1,2,15,Duke,CSU Fullerton,10.2,12.3,34,31,2726,2178,2283,2051,80.2,70.3,67.1,66.2,82.4,67.7,36.8,33,78,61,Duke
79,2022,R1,1,16,Baylor,Norfolk State,12.5,14,32,30,2448,2253,2036,1912,76.5,75.1,63.6,63.7,81.2,80,34.6,34.8,85,49,Baylor
80,2022,R1,8,9,North Carolina,Marquette,11.7,12.5,33,31,2558,2306,2367,2197,77.5,74.4,71.7,70.9,72.7,61.3,36.2,34.7,95,63,North Carolina
81,2022,R1,5,12,Saint Mary's ,Indiana,11.3,11.9,32,34,2232,2425,1936,2234,69.8,71.3,60.5,65.7,78.1,60.6,35,33.9,82,53,Saint Mary's
82,2022,R1,4,13,UCLA,Akron,9.2,11.5,32,33,2444,2349,2074,2073,76.4,71.2,64.8,62.8,78.1,72.7,35.1,35.7,57,53,UCLA
83,2022,R1,6,11,Texas,Virginia Tech,11.8,10.8,32,35,2187,2476,1908,2180,68.3,70.7,59.6,62.3,65.6,65.7,32.3,39.3,81,73,Texas
84,2022,R1,3,14,Purdue,Yale,11.7,12.9,34,30,2713,2170,2338,2065,79.8,72.3,68.8,68.8,79.4,63.3,39.1,33,78,56,Purdue
85,2022,R1,7,10,Murray State,San Francisco,11.4,12.9,32,33,2538,2543,1993,2212,79.3,77.1,62.3,67,93.8,72.7,35.3,35.4,92,87,Murray State
86,2022,R1,2,15,Kentucky,Saint Peter's,11.6,13.9,33,30,2622,2006,2178,1853,79.5,66.9,66,61.8,78.8,63.3,34.9,35.3,79,85,Saint Peter's 
87,2022,R1,1,16,Arizona,Wright State,13.2,12.3,34,35,2875,2659,2296,2498,84.6,76,67.5,71.4,91.2,61.8,35.4,32.9,87,70,Arizona
88,2022,R1,8,9,Seton Hall,TCU,12,14.5,31,32,2260,2179,2056,2080,72.9,68.1,66.3,65,67.7,62.5,34,30.4,42,69,TCU
89,2022,R1,5,12,Houston,UAB,11.3,11.5,34,34,2578,2743,2002,2254,75.8,80.7,58.9,66.3,85.3,79.4,34.1,38,82,68,Houston
90,2022,R1,4,13,Illinois ,Chattanooga,12.2,11,31,34,2349,2543,2097,2199,75.8,74.8,67.6,64.7,71,79.4,36.7,34.6,54,53,Illinois
91,2022,R1,6,11,Colorado State,Michigan,10.1,11.5,30,31,2212,2264,1972,2166,73.7,73,65.7,69.9,83.3,54.8,35.8,34,63,75,Michigan
92,2022,R1,3,14,Tennessee,Longwood,12.4,12.2,33,32,2415,2444,2071,2081,73.2,76.4,62.8,65,78.8,81.2,35.9,37.9,88,56,Tennessee
93,2022,R1,7,10,Ohio State,Loyola-Chicago,11,12.1,30,32,2214,2362,2054,1975,73.8,73.8,68.5,61.7,63.3,78.1,37.3,38.3,54,41,Ohio State
94,2022,R1,2,15,Villanova,Delaware,10,12.6,33,34,2397,2508,2082,2376,72.6,73.8,63.1,69.9,78.8,64.7,35.9,35.2,80,60,Villanova
95,2022,R1,1,16,Kansas,Texas Southern,12.5,14.9,34,31,2672,2153,2317,2032,78.6,69.5,68.1,65.5,82.4,60,35.5,31.6,83,56,Kansas
96,2022,R1,8,9,San Diego State,Creighton,12.7,14.1,31,33,2024,2278,1788,2176,65.3,69,57.7,65.9,74.2,66.7,35.8,30.7,69,72,Creighton
97,2022,R1,5,12,Iowa,Richmond,9.2,9.8,35,35,2932,2510,2495,2390,83.8,71.7,71.3,68.3,74.3,65.7,36.8,33.7,63,67,Richmond
98,2022,R1,4,13,Providence,South Dakota State,11.7,11,30,34,2154,2948,2010,2495,71.8,86.7,67,73.4,83.3,88.2,34.3,44.9,66,57,Providence
99,2022,R1,6,11,LSU,Iowa State,14.5,13.8,33,32,2413,2127,2097,2016,73.1,66.5,63.5,63,66.7,62.5,31.9,32.1,54,59,Iowa State
100,2022,R1,3,14,Wisconsin,Colgate,8.5,11.3,31,34,2192,2586,2063,2282,70.7,76.1,66.5,67.1,77.4,67.6,31.2,40.3,67,60,Wisconsin
101,2022,R1,7,10,USC,Miami (FL),12,9.6,33,33,2395,2469,2175,2344,72.6,74.8,65.9,71,78.8,69.7,36.1,35.3,66,68,Miami (FL)
102,2022,R1,2,15,Auburn,Jacksonville State,12.1,13.3,32,31,2519,2292,2145,2071,78.7,73.9,67,66.8,84.4,67.7,32,38.8,80,61,Auburn
103,2022,R2,1,9,Gonzaga,Memphis,11.8,16.4,30,32,2640,2402,1967,2173,88,75.1,65.6,67.9,89.7,67.7,37.9,35.9,82,78,Gonzaga
104,2022,R2,12,4,New Mexico State,Arkansas,14,12.6,33,34,2416,2614,2474,2333,73.2,76.9,75,68.6,81.2,75.8,32.7,30.7,48,53,Arkansas
105,2022,R2,11,3,Notre Dame,Texas Tech,10.3,13.9,34,35,2487,2535,2290,2113,73.1,72.4,67.4,60.4,68.8,73.5,38,31.4,53,59,Texas Tech
106,2022,R2,7,2,Michigan State,Duke,13.1,10.2,35,35,2525,2804,2400,2344,72.1,80.1,68.6,67,64.7,82.4,37.8,36.8,76,85,Duke
107,2022,R2,1,8,Baylor,North Carolina,12.5,11.7,33,34,2533,2653,2085,2430,76.8,78,63.2,71.5,81.2,72.7,34.6,36.2,86,93,North Carolina
108,2022,R2,5,4,Saint Mary's,UCLA,11.3,9.2,33,33,2314,2501,1989,2127,70.1,75.8,60.3,64.5,78.1,78.1,35,35.1,56,72,UCLA
109,2022,R2,6,3,Texas,Purdue,11.8,11.7,33,35,2268,2791,1981,2394,68.7,79.7,60,68.4,65.6,79.4,32.3,39.1,71,81,Purdue
110,2022,R2,7,15,Murray State,Saint Peter's,11.4,13.9,33,31,2630,2091,2080,1932,79.7,67.5,63,62.3,93.8,63.3,35.3,35.3,60,70,Saint Peter's 
111,2022,R2,1,9,Arizona,TCU,13.2,14.5,35,33,2962,2248,2366,2122,84.6,68.1,67.6,64.3,91.2,62.5,35.4,30.4,85,80,Arizona
112,2022,R2,5,4,Houston,Illinois,11.3,12.2,35,32,2660,2403,2070,2150,76,75.1,59.1,67.2,85.3,71,34.1,36.7,68,53,Houston
113,2022,R2,11,3,Michigan,Tennessee,11.5,12.4,32,34,2339,2503,2229,2127,73.1,73.6,69.7,62.6,54.8,78.8,34,35.9,76,68,Michigan
114,2022,R2,7,2,Ohio State,Villanova,11,10,31,34,2268,2477,2095,2142,73.2,72.9,67.6,63,63.3,78.8,37.3,35.9,61,71,Villanova
115,2022,R2,1,9,Kansas,Creighton,12.5,14.1,35,34,2755,2350,2373,2245,78.7,69.1,67.8,66,82.4,66.7,35.5,30.7,79,72,Kansas
116,2022,R2,12,4,Richmond,Providence,9.8,11.7,36,31,2577,2220,2453,2067,71.6,71.6,68.1,66.7,65.7,83.3,33.7,34.3,51,79,Providence
117,2022,R2,11,3,Iowa State,Wisconsin,13.8,8.5,33,32,2186,2259,2070,2123,66.2,70.6,62.7,66.3,62.5,77.4,32.1,31.2,54,49,Iowa State
118,2022,R2,10,2,Miami (FL),Auburn,9.6,12.1,34,33,2537,2599,2410,2206,74.6,78.8,70.9,66.8,69.7,84.4,35.3,32,79,61,Miami (FL)
119,2022,Sweet 16,1,4,Gonzaga,Arkansas,11.8,12.6,31,35,2722,2667,2045,2381,87.8,76.2,66,68,89.7,75.8,37.9,30.7,68,74,Arkansas
120,2022,Sweet 16,3,2,Texas Tech,Duke,13.9,10.2,36,36,2594,2889,2166,2420,72.1,80.3,60.2,67.2,73.5,82.4,31.4,36.8,73,78,Duke
121,2022,Sweet 16,8,4,North Carolina,UCLA,11.7,9.2,35,34,2746,2573,2523,2183,78.5,75.7,72.1,64.2,72.7,78.1,36.2,35.1,73,66,North Carolina
122,2022,Sweet 16,3,15,Purdue,Saint Peter's,11.7,13.9,36,32,2872,2161,2465,1992,79.8,67.5,68.5,62.3,79.4,63.3,39.1,35.3,64,67,Saint Peter’s 
123,2022,Sweet 16,1,5,Arizona,Houston,13.2,11.3,36,36,3047,2728,2446,2123,84.6,75.8,67.9,59,91.2,85.3,35.4,34.1,60,72,Houston
124,2022,Sweet 16,11,2,Michigan,Villanova,11.5,10,33,35,2415,2548,2297,2203,73.2,72.8,69.6,62.9,54.8,78.8,34,35.9,55,63,Villanova
125,2022,Sweet 16,1,4,Kansas,Providence,12.5,11.7,36,32,2834,2299,2445,2118,78.7,71.8,67.9,66.2,82.4,83.3,35.5,34.3,66,61,Kansas
126,2022,Sweet 16,11,10,Iowa State,Miami (FL),13.8,9.6,34,35,2240,2616,2119,2471,65.9,74.7,62.3,70.6,62.5,69.7,32.1,35.3,56,70,Miami (FL)
127,2022,Elite 8,4,2,Arkansas,Duke,12.6,10.2,36,37,2741,2967,2449,2493,76.1,80.2,68,67.4,75.8,82.4,30.7,36.8,69,78,Duke
128,2022,Elite 8,8,15,North Carolina,Saint Peter’s,11.7,13.9,36,33,2819,2228,2589,2056,78.3,67.5,71.9,62.3,72.7,63.3,36.2,35.3,69,49,North Carolina
129,2022,Elite 8,5,2,Houston,Villanova,11.3,10,37,36,2800,2611,2183,2258,75.7,72.5,59,62.7,85.3,78.8,34.1,35.9,44,50,Villanova
130,2022,Elite 8,1,10,Kansas,Miami (FL),12.5,9.6,37,36,2900,2686,2506,2527,78.4,74.6,67.7,70.2,82.4,69.7,35.5,35.3,76,50,Kansas
131,2022,Final 4,2,8,Duke,North Carolina,10.2,11.7,38,37,3045,2888,2562,2638,80.1,78.1,67.4,71.3,82.4,72.7,36.8,36.2,77,81,North Carolina
132,2022,Final 4,2,1,Villanova,Kansas,10,12.5,37,38,2661,2976,2302,2556,71.9,78.3,62.2,67.3,78.8,82.4,35.9,35.5,65,81,Kansas
133,2022,Championship,8,1,North Carolina,Kansas,11.7,12.5,38,38,2969,3057,2715,2621,78.1,80.4,71.4,69,72.7,82.4,36.2,35.5,69,72,Kansas
134,2024,First Four,16,16,Howard,Wagner,15.7,10,34,31,2555,1970,2529,1925,75.1,63.5,74.4,62.1,52.9,51.6,37.4,32.2,68,71,Wagner
135,2024,First Four,10,10,Virginia,Colorado State,8.2,10.1,33,34,2098,2596,1964,2324,63.6,76.4,59.5,68.4,69.7,70.6,36.3,39.4,42,67,Colorado State
136,2024,First Four,16,16,Montana State,Grambling,11.6,13.4,34,34,2554,2298,2518,2347,75.1,67.6,74.1,69,50,58.8,36.7,33.9,81,88,Grambling
137,2024,First Four,10,10,Boise State,Colorado,11.2,12.7,32,34,2426,2696,2161,2420,75.8,79.3,67.5,71.2,68.8,70.6,34.5,39.4,53,60,Colorado
138,2024,R1,1,16,UConn,Stetson,9.9,10.4,34,34,2770,2635,2190,2475,81.5,77.5,64.4,72.8,91.2,64.7,36.7,37,91,52,UConn
139,2024,R1,8,9,Florida Atlantic,Northwestern,11.1,8.8,33,32,2724,2358,2418,2208,82.5,73.7,73.3,69,75.8,65.6,35.6,39.4,65,77,Northwestern
140,2024,R1,5,12,San Diego State,UAB,11.1,11.5,34,34,2536,2646,2263,2558,74.6,77.8,66.6,75.2,70.6,67.6,31.3,32.6,69,65,San Diego State
141,2024,R1,4,13,Auburn,Yale,10.6,9.5,34,31,2833,2330,2313,2065,83.3,75.2,68,66.6,79.4,71,35.2,34.7,76,78,Yale
142,2024,R1,6,11,BYU,Duquesne,10.7,11.8,33,35,2701,2477,2307,2311,81.8,70.8,69.9,66,69.7,68.6,34.8,34,67,71,Duquesne
143,2024,R1,3,14,Illinois,Morehead State,10.8,12,34,34,2870,2566,2165,2135,84.4,75.5,63.7,62.8,76.5,76.5,35,36.1,85,69,Illinois
144,2024,R1,7,10,Washington State,Drake,10.8,9.7,33,34,2452,2736,2207,2397,74.3,80.5,66.9,70.5,72.7,82.3,34,36.7,66,61,Washington State
145,2024,R1,2,15,Iowa State,South Dakota State,10.7,11.2,34,34,2569,2610,2084,2408,75.6,76.8,61.3,70.8,79.4,64.7,34.9,36.3,82,65,Iowa State
146,2024,R1,1,16,North Carolina,Wagner,10.3,10,34,32,2770,2041,2388,1993,81.5,63.8,70.2,62.3,79.4,51.6,35.4,32.2,90,62,North Carolina
147,2024,R1,8,9,Mississippi State,Michigan State,12.9,9.8,34,33,2542,2413,2348,2176,74.8,73.1,69.1,65.9,61.8,57.6,32.5,35.9,51,69,Michigan State
148,2024,R1,5,12,Saint Mary’s,Grand Canyon,10.1,12.3,33,33,2450,2633,1938,2208,74.2,79.8,58.7,66.9,78.8,87.9,35.5,34.4,66,75,Grand Canyon
149,2024,R1,4,13,Alabama,Charleston,12,9.9,32,34,2904,2736,2594,2466,90.8,80.5,81.1,72.5,65.6,79.4,36.5,34.5,109,96,Alabama
150,2024,R1,6,11,Clemson,New Mexico,10.2,9.9,32,35,2477,2860,2282,2468,77.4,81.7,71.3,70.5,65.6,74.3,35.4,33.4,77,56,Clemson
151,2024,R1,3,14,Baylor,Colgate,12.1,10.6,33,34,2658,2431,2350,2150,80.5,71.5,71.2,63.2,69.7,73.5,38.8,36.1,92,67,Baylor
152,2024,R1,7,10,Dayton,Nevada,10.2,10,31,33,2317,2522,2055,2213,74.7,76.4,66.3,67.1,77.4,78.8,40.2,36.5,63,60,Dayton
153,2024,R1,2,15,Arizona,Long Beach State,12,12.6,33,35,2902,2721,2384,2650,87.9,77.7,72.2,75.7,75.8,60,37.1,30.8,85,65,Arizona
154,2024,R1,1,16,Houston,Longwood,8.9,12.5,34,34,2483,2569,1937,2310,73,75.6,57,67.9,88.2,61.8,34.7,34.3,86,46,Houston
155,2024,R1,8,9,Nebraska,Texas A&M,11.1,9.6,33,34,2560,2543,2313,2408,77.6,74.8,70.1,70.8,69.7,58.8,35.8,28.4,83,98,Texas A&M
156,2024,R1,5,12,Wisconsin,James Madison,9.7,10.8,35,34,2627,2868,2448,2352,75.1,84.4,69.9,69.2,62.9,91.2,34.8,36.5,61,72,James Madison
157,2024,R1,4,13,Duke,Vermont,9.7,9.1,32,34,2555,2459,2158,2141,79.8,72.3,67.4,63,75,82.4,37.7,34.4,64,47,Duke
158,2024,R1,6,11,Texas Tech,NC State,11.2,9.6,33,36,2494,2749,2288,2617,75.6,76.4,69.3,72.7,69.7,61.1,36.5,34.7,67,80,NC State
159,2024,R1,3,14,Kentucky,Oakland,10.7,11.2,32,34,2862,2598,2550,2479,89.4,76.4,79.7,72.9,71.9,67.6,41.2,35.1,76,80,Oakland
160,2024,R1,7,10,Florida,Colorado,11.8,12.7,35,35,2980,2756,2749,2473,85.1,78.7,78.5,70.7,68.6,70.6,34.2,39.4,100,102,Colorado
161,2024,R1,2,15,Marquette,Western Kentucky,9.9,13.7,34,33,2662,2659,2370,2444,78.3,80.6,69.7,74.1,73.5,66.7,35.8,34,87,69,Marquette
162,2024,R1,1,16,Purdue,Grambling,11.5,13.4,33,35,2752,2386,2313,2428,83.4,68.2,70.1,69.4,87.9,58.8,40.8,33.9,78,50,Purdue
163,2024,R1,8,9,Utah State,TCU,11.2,12.8,33,33,2633,2615,2319,2351,79.8,79.2,70.3,71.2,81.8,63.6,33.1,35.6,88,72,Utah State
164,2024,R1,5,12,Gonzaga,McNeese,9.8,9.8,32,33,2716,2654,2207,2030,84.9,80.4,69,61.5,78.1,90.9,35.4,38.8,86,65,Gonzaga
165,2024,R1,4,13,Kansas,Samford,11.6,13.2,32,34,2408,2923,2198,2514,75.3,86,68.7,73.9,68.8,85.3,32.9,39.3,93,89,Kansas
166,2024,R1,6,11,South Carolina,Oregon,10.1,10.2,33,34,2377,2561,2210,2443,72,75.3,67,71.9,78.8,67.6,33.5,33.6,73,87,Oregon
167,2024,R1,3,14,Creighton,Akron,10.6,11.4,32,34,2577,2517,2231,2239,80.5,74,69.7,65.9,71.9,70.6,36.1,32.8,77,60,Creighton
168,2024,R1,7,10,Texas,Colorado State,11.4,10.1,32,35,2449,2663,2236,2366,76.5,76.1,69.9,67.6,62.5,70.6,36.2,39.4,56,44,Texas
169,2024,R1,2,15,Tennessee,Saint Peter’s,10.3,12.8,32,32,2543,2091,2172,2030,79.5,65.3,67.9,63.4,75,59.4,34.2,33.2,83,49,Tennessee
170,2024,R2,1,9,UConn,Northwestern,9.9,8.8,35,33,2861,2435,2242,2273,81.7,73.8,64.1,68.9,91.2,65.6,36.7,39.4,75,58,UConn
171,2024,R2,5,13,San Diego State,Yale,11.1,9.5,35,32,2605,2418,2328,2141,74.4,75.6,66.5,66.9,70.6,71,31.3,34.7,85,57,San Diego State
172,2024,R2,11,3,Duquesne,Illinois,11.8,10.8,36,35,2548,2955,2378,2234,70.8,84.4,66.1,63.8,68.6,76.5,34,35,63,89,Illinois
173,2024,R2,7,2,Washington State,Iowa State,10.8,10.7,34,35,2518,2651,2268,2149,74.1,75.7,66.7,61.4,72.7,79.4,34,34.9,56,67,Iowa State
174,2024,R2,1,9,North Carolina,Michigan State,10.3,9.8,35,34,2860,2482,2450,2227,81.7,73,70,65.5,79.4,57.6,35.4,35.9,85,69,North Carolina
175,2024,R2,12,4,Grand Canyon,Alabama,12.3,12,34,33,2708,3013,2274,2690,79.6,91.3,66.9,81.5,87.9,65.6,34.4,36.5,61,72,Alabama
176,2024,R2,6,3,Clemson,Baylor,10.2,12.1,33,34,2554,2750,2338,2417,77.4,80.9,70.8,71.1,65.6,69.7,35.4,38.8,72,64,Clemson
177,2024,R2,7,2,Dayton,Arizona,10.2,12,32,34,2380,2987,2115,2449,74.4,87.9,66.1,72,77.4,75.8,40.2,37.1,68,78,Arizona
178,2024,R2,1,9,Houston,Texas A&M,8.9,9.6,35,35,2569,2641,1983,2491,73.4,75.5,56.7,71.2,88.2,58.8,34.7,28.4,100,95,Houston
179,2024,R2,12,4,James Madison,Duke,10.8,9.7,35,33,2940,2619,2413,2205,84,79.4,68.9,66.8,91.2,75,36.5,37.7,55,93,Duke
180,2024,R2,11,14,NC State,Oakland,9.6,11.2,37,35,2829,2678,2684,2555,76.5,76.5,72.5,73,61.1,67.6,34.7,35.1,79,73,NC State
181,2024,R2,10,2,Colorado,Marquette,12.7,9.9,36,35,2858,2749,2573,2439,79.4,78.5,71.5,69.7,70.6,73.5,39.4,35.8,77,81,Marquette
182,2024,R2,1,8,Purdue,Utah State,11.5,11.2,34,34,2830,2721,2363,2391,83.2,80,69.5,70.3,87.9,63.6,40.8,33.1,106,67,Purdue
183,2024,R2,5,4,Gonzaga,Kansas,9.8,11.6,33,33,2802,2501,2272,2287,84.9,75.8,68.8,69.3,78.1,68.8,35.4,32.9,89,68,Gonzaga
184,2024,R2,11,3,Oregon,Creighton,10.2,10.6,35,33,2648,2654,2516,2291,75.7,80.4,71.9,69.4,67.6,71.9,33.6,36.1,73,86,Creighton
185,2024,R2,7,2,Texas,Tennessee,11.4,10.3,33,33,2505,2626,2280,2221,75.9,79.6,69.1,67.3,62.5,75,36.2,34.2,58,62,Tennessee
186,2024,Sweet 16,1,5,UConn,San Diego State,9.9,11.1,36,36,2936,2690,2300,2385,81.6,74.7,63.9,66.3,91.2,70.6,36.7,31.3,82,52,UConn
187,2024,Sweet 16,3,2,Illinois,Iowa State,10.8,10.7,36,36,3044,2718,2297,2205,84.6,75.5,63.8,61.3,76.5,79.4,35,34.9,72,69,Illinois
188,2024,Sweet 16,1,4,North Carolina,Alabama,10.3,12,36,34,2945,3085,2519,2751,81.8,90.7,70,80.9,79.4,65.6,35.4,36.5,87,89,Alabama
189,2024,Sweet 16,6,2,Clemson,Arizona,10.2,12,34,35,2626,3065,2402,2517,77.2,87.6,70.6,71.9,65.6,75.8,35.4,37.1,77,72,Clemson
190,2024,Sweet 16,1,4,Houston,Duke,8.9,9.7,36,34,2669,2712,2078,2260,74.1,79.8,57.7,66.5,88.2,75,34.7,37.7,51,54,Duke
191,2024,Sweet 16,11,2,NC State,Marquette,9.6,9.9,38,36,2908,2830,2757,2516,76.5,78.6,72.6,69.9,61.1,73.5,34.7,35.8,67,58,NC State
192,2024,Sweet 16,1,5,Purdue,Gonzaga,11.5,9.8,35,34,2936,2891,2430,2340,83.9,85,69.4,68.8,87.9,78.1,40.8,35.4,80,68,Purdue
193,2024,Sweet 16,3,2,Creighton,Tennessee,10.6,10.3,34,34,2740,2688,2364,2279,80.6,79.1,69.5,67,71.9,75,36.1,34.2,75,82,Tennessee
194,2024,Elite 8,1,3,UConn,Illinois,9.9,10.8,37,37,3018,3116,2352,2366,81.6,84.2,63.6,63.9,91.2,76.5,36.7,35,77,52,UConn
195,2024,Elite 8,4,6,Alabama ,Clemson,12,10.2,35,35,3174,2703,2838,2474,90.7,77.2,81.1,70.7,65.6,65.6,36.5,35.4,89,82,Alabama
196,2024,Elite 8,4,11,Duke,NC State,9.7,9.6,35,39,2766,2975,2311,2815,79,76.3,66,72.2,75,61.1,37.7,34.7,64,76,NC State
197,2024,Elite 8,1,2,Purdue,Tennessee,11.5,10.3,36,35,3016,2770,2498,2354,83.8,79.1,69.4,67.3,87.9,75,40.8,34.2,72,66,Purdue
198,2024,Final 4,1,4,UConn,Alabama,9.9,12,38,36,3095,3263,2404,2920,81.4,90.6,63.3,81.1,91.2,65.6,36.7,36.5,86,72,UConn
199,2024,Final 4,11,1,NC State,Purdue,9.6,11.5,40,37,3051,3088,2879,2564,76.3,83.5,72,69.3,61.1,87.9,34.7,40.8,50,63,Purdue
200,2024,Championship,1,1,UConn,Purdue,9.9,11.5,39,38,3181,3151,2476,2614,81.6,82.9,63.5,68.8,91.2,87.9,36.7,40.8,75,60,UConn